Mutation,position,score,se,ddG_scan,ddG_pos_se,category
p.Ala15Pro,15,0.849666648,0.026736296,-1.134990930557251,0.06617002806085351,Damaging + destabilizing
p.Val21Gly,21,0.90133789,0.03141711,-1.8689395189285278,0.13873575227832405,Damaging + destabilizing
p.Val21Glu,21,0.845297953,0.027829795,-1.6751340627670288,0.13873575227832405,Damaging + destabilizing
p.Leu22Trp,22,0.55050668,0.027103179,-1.0534075498580933,0.1364364037954012,Damaging + destabilizing
p.Gly36Arg,36,0.0,-0.01856588,-1.0191106796264648,0.06951671667125489,Damaging + destabilizing
p.Ser43Arg,43,0.753692374,0.027538613,-0.4139716625213623,0.0900606044234788,Damaging + destabilizing
p.Arg45Ser,45,0.042975653,0.021923308,-1.0026352405548096,0.0942740206613444,Damaging + destabilizing
p.Arg61Leu,61,0.896734994,0.026160825,-0.4720189571380615,0.10823072525028021,Damaging + destabilizing
p.Arg61Trp,61,0.809190408,0.022719292,-0.8305751085281372,0.10823072525028021,Damaging + destabilizing
p.Pro67Leu,67,0.590436002,0.025438761,-0.38862109184265137,0.046373558295347776,Damaging + destabilizing
p.Tyr70Ser,70,0.216542156,0.02080719,-0.5618091225624084,0.10549297609746525,Damaging + destabilizing
p.Gly78Ala,78,0.012762007,0.018310797,-0.48139676451683044,0.08454619861643119,Damaging + destabilizing
p.Ile91Thr,91,0.425267759,0.022844883,-1.5720576047897339,0.12182450019589716,Damaging + destabilizing
p.Ala99Val,99,0.577733088,0.018220583,-0.28871527314186096,0.0680812827756628,Damaging + destabilizing
p.Asp100Ala,100,0.854914043,0.021210529,-0.5968338251113892,0.10659571914365594,Damaging + destabilizing
p.Thr104Ile,104,0.804654242,0.027202388,-0.3722395896911621,0.09052796735771512,Damaging + destabilizing
p.Ala106Thr,106,0.783219445,0.024365114,-0.37922945618629456,0.040586673241914735,Damaging + destabilizing
p.Ser108Pro,108,0.108386417,0.028256002,-1.8033978939056396,0.060708596410813345,Damaging + destabilizing
p.Ser147Thr,147,0.62422276,0.024636929,-0.456816703081131,0.06007631769016763,Damaging + destabilizing
p.Ser147Tyr,147,0.0,-0.01991498,-1.0886372327804565,0.06007631769016763,Damaging + destabilizing
p.Tyr150Cys,150,0.651972111,0.023837039,-1.8357770442962646,0.08856876829063544,Damaging + destabilizing
p.Ala153Thr,153,0.846433283,0.026723236,-0.7140757441520691,0.12174299857169399,Damaging + destabilizing
p.Thr156Met,156,0.0,-0.020179313,-0.9034948945045471,0.10949764051046784,Damaging + destabilizing
p.Val160Met,160,0.841336948,0.028104483,-0.23187683522701263,0.0736076958051655,Damaging + destabilizing
p.Ile165Leu,165,0.901703503,0.026577619,-0.682347297668457,0.12460442296910232,Damaging + destabilizing
p.Phe191Leu,191,0.774746445,0.026656653,-0.8188401460647583,0.10746278620578813,Damaging + destabilizing
p.Val202Ala,202,0.767753438,0.027272668,-0.5798662304878235,0.1077383523844382,Damaging + destabilizing
p.Gly203Arg,203,0.0,-0.02309317,-1.1513617038726807,0.1015309927087361,Damaging + destabilizing
p.Gly206Arg,206,0.0,-0.021557109,-1.6175874471664429,0.05617203273334911,Damaging + destabilizing
p.Cys224Arg,224,0.752031219,0.038674773,-0.8817939758300781,0.08326873808911976,Damaging + destabilizing
p.Thr242Met,242,0.0,-0.022045011,-1.720608115196228,0.05777023538659957,Damaging + destabilizing
p.Cys245Arg,245,0.023882436,0.025012169,-1.3051016330718994,0.0515409268153875,Damaging + destabilizing
p.Ile282Thr,282,0.708204715,0.026578933,-2.1178064346313477,0.09631832027136054,Damaging + destabilizing
p.Ser285Tyr,285,0.327208702,0.017441516,-0.40981924533843994,0.10812171225447327,Damaging + destabilizing
p.Phe288Cys,288,0.693204419,0.025623167,-1.2664227485656738,0.10139196285521322,Damaging + destabilizing
p.Cys291Arg,291,0.295778041,0.024080839,-1.8702800273895264,0.08129116703707336,Damaging + destabilizing
p.Val293Ala,293,0.689904238,0.025485495,-1.2880948781967163,0.11934063740871985,Damaging + destabilizing
p.Val293Met,293,0.629784094,0.040841084,-0.8102840781211853,0.11934063740871985,Damaging + destabilizing
p.Lys333Gln,333,0.869862898,0.032262637,-0.4028541147708893,0.07827976758380854,Damaging + destabilizing
p.His335Arg,335,0.69105896,0.037925087,-0.8718376159667969,0.04861848132549388,Damaging + destabilizing
p.Arg342Gln,342,0.073948453,0.024105893,-1.5691347122192383,0.10085358904223947,Damaging + destabilizing
p.Arg342Gln,342,0.0,-0.022028689,-1.5691347122192383,0.10085358904223947,Damaging + destabilizing
p.Ala343Ser,343,0.838528708,0.031003911,-1.8668876886367798,0.1305093849343079,Damaging + destabilizing
p.Tyr346Cys,346,0.455071685,0.02367825,-0.8355921506881714,0.05994300767201932,Damaging + destabilizing
p.Phe364Ile,364,0.632125451,0.024830777,-1.2348363399505615,0.14829543409817908,Damaging + destabilizing
p.His368Arg,368,0.785492154,0.026528904,-0.5085062384605408,0.09630093938486563,Damaging + destabilizing
p.Pro87Leu,87,0.608736632,0.029349619,0.3630739450454712,0.08979763603021665,Damaging + stabilizing
p.Ile25Val,25,1.099688242,0.025469292,-0.8513471484184265,0.16197929605376107,Hyperactive + destabilizing
p.Ala95Glu,95,1.151506949,0.033832472,-0.7609114646911621,0.07106618505603605,Hyperactive + destabilizing
p.Ala106Ser,106,1.144667075,0.034533928,-0.373097687959671,0.040586673241914735,Hyperactive + destabilizing
p.Ala112Val,112,1.110592549,0.036712609,-0.45990824699401855,0.1355657861490233,Hyperactive + destabilizing
p.Ala198Ser,198,1.115883221,0.03024886,-0.4742365777492523,0.1161571159752979,Hyperactive + destabilizing
p.Leu217Pro,217,1.105710569,0.033171585,-1.9514613151550293,0.11646720379414734,Hyperactive + destabilizing
p.Tyr249Cys,249,1.266467028,0.030693241,-1.4487080574035645,0.08338237638928651,Hyperactive + destabilizing
p.Gln296Pro,296,1.109647853,0.029374674,-1.2136571407318115,0.06113982229652098,Hyperactive + destabilizing
p.Arg306Leu,306,1.12571892,0.031452201,-0.6503490209579468,0.10223942106576105,Hyperactive + destabilizing
p.Ile307Val,307,1.112722377,0.040670738,-0.35069093108177185,0.17042933747702885,Hyperactive + destabilizing
p.Asn309Ser,309,1.152909259,0.036468743,-0.21977148950099945,0.06445773112401883,Hyperactive + destabilizing
p.Asn309Asp,309,1.114123363,0.030768691,-0.46902450919151306,0.06445773112401883,Hyperactive + destabilizing
p.Lys318Glu,318,1.102422781,0.027950846,-0.2585810720920563,0.09207887215275481,Hyperactive + destabilizing
p.Leu365Trp,365,1.140613886,0.031291562,-0.3613164722919464,0.13981784170304687,Hyperactive + destabilizing
