accession,hgvs_pro,score,se
urn:mavedb:00000107-a-1#1,p.Tyr249Cys,1.266467028,0.030693241
urn:mavedb:00000107-a-1#2,p.Glu366Asp,1.211576616,0.033581906
urn:mavedb:00000107-a-1#3,p.Lys311Asn,1.176802003,0.035377441
urn:mavedb:00000107-a-1#4,p.Ala359Thr,1.163540062,0.034763526
urn:mavedb:00000107-a-1#5,p.Ile351Val,1.159227628,0.029751412
urn:mavedb:00000107-a-1#6,p.Glu113Val,1.155395064,0.032223592
urn:mavedb:00000107-a-1#7,p.Glu223Ala,1.154498671,0.032251163
urn:mavedb:00000107-a-1#8,p.Asn309Ser,1.152909259,0.036468743
urn:mavedb:00000107-a-1#9,p.Ala95Glu,1.151506949,0.033832472
urn:mavedb:00000107-a-1#10,p.Cys80Tyr,1.14522599,0.031772124
urn:mavedb:00000107-a-1#11,p.Ala106Ser,1.144667075,0.034533928
urn:mavedb:00000107-a-1#12,p.Leu365Trp,1.140613886,0.031291562
urn:mavedb:00000107-a-1#13,p.Arg306Leu,1.12571892,0.031452201
urn:mavedb:00000107-a-1#14,p.Gln369Arg,1.120910644,0.050232167
urn:mavedb:00000107-a-1#15,p.Ala198Ser,1.115883221,0.03024886
urn:mavedb:00000107-a-1#16,p.Asn309Asp,1.114123363,0.030768691
urn:mavedb:00000107-a-1#17,p.Ile307Val,1.112722377,0.040670738
urn:mavedb:00000107-a-1#18,p.Ala112Val,1.110592549,0.036712609
urn:mavedb:00000107-a-1#19,p.Gln296Pro,1.109647853,0.029374674
urn:mavedb:00000107-a-1#20,p.Leu217Pro,1.105710569,0.033171585
urn:mavedb:00000107-a-1#21,p.Lys318Glu,1.102422781,0.027950846
urn:mavedb:00000107-a-1#22,p.Asn297Asp,1.102097095,0.032407277
urn:mavedb:00000107-a-1#23,p.Lys110Gln,1.10201731,0.033047347
urn:mavedb:00000107-a-1#24,p.Ile25Val,1.099688242,0.025469292
urn:mavedb:00000107-a-1#25,p.Leu270Phe,1.091065126,0.032322133
urn:mavedb:00000107-a-1#26,p.Ala234Ser,1.088734175,0.029780995
urn:mavedb:00000107-a-1#27,p.Ala3Thr,1.087215211,0.031180374
urn:mavedb:00000107-a-1#28,p.Ala3Ser,1.086030636,0.031927871
urn:mavedb:00000107-a-1#29,p.Asp313His,1.082028826,0.034971509
urn:mavedb:00000107-a-1#30,p.Lys51Gln,1.081783368,0.030534293
urn:mavedb:00000107-a-1#31,p.Val250Ile,1.079373959,0.032726094
urn:mavedb:00000107-a-1#32,p.Ala153Ser,1.074033422,0.029648414
urn:mavedb:00000107-a-1#33,p.Asn284Ser,1.073009754,0.033492546
urn:mavedb:00000107-a-1#34,p.Glu280Asp,1.072934667,0.027219441
urn:mavedb:00000107-a-1#35,p.Lys51Asn,1.068058293,0.029670366
urn:mavedb:00000107-a-1#36,p.Arg306His,1.067320893,0.033454158
urn:mavedb:00000107-a-1#37,p.Gly81Ser,1.066950656,0.02748836
urn:mavedb:00000107-a-1#38,p.Asp48Asn,1.066732358,0.030792503
urn:mavedb:00000107-a-1#39,p.Arg319Lys,1.066624945,0.02487885
urn:mavedb:00000107-a-1#40,p.Val172Leu,1.066183659,0.029345838
urn:mavedb:00000107-a-1#41,p.Val250Ala,1.064294406,0.026829026
urn:mavedb:00000107-a-1#42,p.Tyr32His,1.061802259,0.032920572
urn:mavedb:00000107-a-1#43,p.Lys33Glu,1.060497792,0.030143947
urn:mavedb:00000107-a-1#44,p.Ser237Gly,1.059559912,0.029040929
urn:mavedb:00000107-a-1#45,p.Asp31Asn,1.057508939,0.030891512
urn:mavedb:00000107-a-1#46,p.Asn328Ser,1.055897473,0.029279944
urn:mavedb:00000107-a-1#47,p.Ile37Val,1.055819483,0.032832329
urn:mavedb:00000107-a-1#48,p.Arg222Gln,1.053706854,0.03082967
urn:mavedb:00000107-a-1#49,p.Ala171Pro,1.05087333,0.029381132
urn:mavedb:00000107-a-1#50,p.Lys71Asn,1.050797361,0.027280642
urn:mavedb:00000107-a-1#51,p.Val35Asp,1.05077209,0.032402743
urn:mavedb:00000107-a-1#52,p.Arg97Lys,1.050718019,0.031547913
urn:mavedb:00000107-a-1#53,p.Leu221Pro,1.04783265,0.030317222
urn:mavedb:00000107-a-1#54,p.Lys300Asn,1.047465708,0.031956934
urn:mavedb:00000107-a-1#55,p.Asp2Asn,1.045338125,0.029741437
urn:mavedb:00000107-a-1#56,p.Lys116Asn,1.044626129,0.033513564
urn:mavedb:00000107-a-1#57,p.Ile123Thr,1.043043063,0.032095899
urn:mavedb:00000107-a-1#58,p.Glu366Gly,1.040411636,0.026414767
urn:mavedb:00000107-a-1#59,p.Thr277Ala,1.040014846,0.028750531
urn:mavedb:00000107-a-1#60,p.Val124Ile,1.039649382,0.028418493
urn:mavedb:00000107-a-1#61,p.Ile165Thr,1.037638993,0.03211357
urn:mavedb:00000107-a-1#62,p.Cys98Tyr,1.037484963,0.032955513
urn:mavedb:00000107-a-1#63,p.Ser344Cys,1.037343399,0.028342727
urn:mavedb:00000107-a-1#64,p.Ala265Thr,1.035984489,0.029699198
urn:mavedb:00000107-a-1#65,p.Asn55Ser,1.035610025,0.039394412
urn:mavedb:00000107-a-1#66,p.Asp2Tyr,1.035267564,0.028282316
urn:mavedb:00000107-a-1#67,p.Ile341Val,1.032878291,0.029090897
urn:mavedb:00000107-a-1#68,p.Thr56Ala,1.032506299,0.029054864
urn:mavedb:00000107-a-1#69,p.Val102Met,1.031813747,0.029700916
urn:mavedb:00000107-a-1#70,p.Ala265Val,1.031740875,0.034081647
urn:mavedb:00000107-a-1#71,p.His125Tyr,1.031593025,0.028773566
urn:mavedb:00000107-a-1#72,p.Ser226Leu,1.031135436,0.032359939
urn:mavedb:00000107-a-1#73,p.Asp68Gly,1.03064886,0.027903898
urn:mavedb:00000107-a-1#74,p.Lys269Met,1.028951273,0.034539729
urn:mavedb:00000107-a-1#75,p.Val210Ala,1.02856355,0.030002902
urn:mavedb:00000107-a-1#76,p.Asn58Ser,1.027463899,0.025826447
urn:mavedb:00000107-a-1#77,p.Arg306Cys,1.026692532,0.026512794
urn:mavedb:00000107-a-1#78,p.Val232Glu,1.026373972,0.033530797
urn:mavedb:00000107-a-1#79,p.Leu128Phe,1.025539542,0.04104013
urn:mavedb:00000107-a-1#80,p.Ala266Val,1.024484769,0.032544993
urn:mavedb:00000107-a-1#81,p.Gln276Glu,1.0244845,0.032247046
urn:mavedb:00000107-a-1#82,p.Ala343Pro,1.024175474,0.028343572
urn:mavedb:00000107-a-1#83,p.Tyr346His,1.022890655,0.026069918
urn:mavedb:00000107-a-1#84,p.Glu57Gly,1.022455389,0.030715022
urn:mavedb:00000107-a-1#85,p.Thr132Arg,1.021875893,0.025107283
urn:mavedb:00000107-a-1#86,p.Asn55Asp,1.019076182,0.026226623
urn:mavedb:00000107-a-1#87,p.Ser147Ala,1.018834295,0.034306388
urn:mavedb:00000107-a-1#88,p.Ala109Val,1.017108506,0.027217212
urn:mavedb:00000107-a-1#89,p.Ser272Cys,1.015353444,0.031649827
urn:mavedb:00000107-a-1#90,p.Ser189Cys,1.014819439,0.025493302
urn:mavedb:00000107-a-1#91,p.Met177Ile,1.011784587,0.036744021
urn:mavedb:00000107-a-1#92,p.Ser275Cys,1.011538055,0.028611915
urn:mavedb:00000107-a-1#93,p.Glu114Ala,1.011223611,0.027625779
urn:mavedb:00000107-a-1#94,p.Ile123Val,1.010381496,0.027502195
urn:mavedb:00000107-a-1#95,p.Lys363Thr,1.010373453,0.029223541
urn:mavedb:00000107-a-1#96,p.Ser272Thr,1.008743962,0.030913431
urn:mavedb:00000107-a-1#97,p.Gly36Arg,1.007801946,0.030705938
urn:mavedb:00000107-a-1#98,p.Asn347His,1.007707154,0.04294341
urn:mavedb:00000107-a-1#99,p.Val354Ile,1.006068442,0.031938653
urn:mavedb:00000107-a-1#100,p.Asn54Ile,1.004220598,0.029892256
urn:mavedb:00000107-a-1#101,p.Leu330Val,1.003862719,0.032281184
urn:mavedb:00000107-a-1#102,p.Pro225Ala,0.999010436,0.029875853
urn:mavedb:00000107-a-1#103,p.Ala112Ser,0.998180468,0.03424523
urn:mavedb:00000107-a-1#104,p.Val60Ala,0.998082255,0.02827828
urn:mavedb:00000107-a-1#105,p.Gly218Glu,0.99653594,0.034388758
urn:mavedb:00000107-a-1#106,p.Leu228Met,0.996298015,0.037981852
urn:mavedb:00000107-a-1#107,p.Gly129Glu,0.993725509,0.029176483
urn:mavedb:00000107-a-1#108,p.Ser238Pro,0.99145206,0.029190697
urn:mavedb:00000107-a-1#109,p.Glu268Ala,0.990967571,0.031258721
urn:mavedb:00000107-a-1#110,p.Lys33Arg,0.986775941,0.029399119
urn:mavedb:00000107-a-1#111,p.Ser204Ala,0.98593875,0.032971966
urn:mavedb:00000107-a-1#112,p.Gly129Trp,0.985743771,0.024377692
urn:mavedb:00000107-a-1#113,p.Asn236His,0.985675379,0.029982939
urn:mavedb:00000107-a-1#114,p.Gln233Lys,0.985521336,0.026634751
urn:mavedb:00000107-a-1#115,p.Leu217Val,0.98439235,0.031301388
urn:mavedb:00000107-a-1#116,p.Ser84Asn,0.982943696,0.025321218
urn:mavedb:00000107-a-1#117,p.Met267Ile,0.982689084,0.034086542
urn:mavedb:00000107-a-1#118,p.Val103Leu,0.978684088,0.029330328
urn:mavedb:00000107-a-1#119,p.Pro295Arg,0.977967377,0.028118106
urn:mavedb:00000107-a-1#120,p.Val149Met,0.977004681,0.022294127
urn:mavedb:00000107-a-1#121,p.His19Asp,0.974557978,0.02929313
urn:mavedb:00000107-a-1#122,p.Ala15Val,0.973467018,0.033070778
urn:mavedb:00000107-a-1#123,p.Ala112Thr,0.971776687,0.029693613
urn:mavedb:00000107-a-1#124,p.Asn143Lys,0.971215133,0.028821051
urn:mavedb:00000107-a-1#125,p.Lys274Thr,0.970693854,0.031287985
urn:mavedb:00000107-a-1#126,p.Pro126Ser,0.967261678,0.025676778
urn:mavedb:00000107-a-1#127,p.Val250Leu,0.966322537,0.030630262
urn:mavedb:00000107-a-1#128,p.Asp167Asn,0.965443852,0.02842752
urn:mavedb:00000107-a-1#129,p.Leu93Ser,0.963250668,0.027684424
urn:mavedb:00000107-a-1#130,p.Ser46Pro,0.96074201,0.028301012
urn:mavedb:00000107-a-1#131,p.Met42Val,0.960112128,0.03080485
urn:mavedb:00000107-a-1#132,p.Tyr151Cys,0.95209783,0.027281767
urn:mavedb:00000107-a-1#133,p.Lys190Met,0.94879922,0.025356899
urn:mavedb:00000107-a-1#134,p.Val290Ile,0.946924579,0.02618914
urn:mavedb:00000107-a-1#135,p.Val103Met,0.944928363,0.027852949
urn:mavedb:00000107-a-1#136,p.Pro135Leu,0.940085829,0.026603052
urn:mavedb:00000107-a-1#137,p.Met361Leu,0.938796227,0.029852316
urn:mavedb:00000107-a-1#138,p.Val232Met,0.936931717,0.032698119
urn:mavedb:00000107-a-1#139,p.Met177Val,0.93011848,0.029290964
urn:mavedb:00000107-a-1#140,p.Asn302Ser,0.927030543,0.034260233
urn:mavedb:00000107-a-1#141,p.Gly170Ala,0.92686903,0.025837934
urn:mavedb:00000107-a-1#142,p.Arg61Gln,0.923575505,0.03010108
urn:mavedb:00000107-a-1#143,p.Ile281Phe,0.922850294,0.042136082
urn:mavedb:00000107-a-1#144,p.Met177Thr,0.921133593,0.02730229
urn:mavedb:00000107-a-1#145,p.Pro87Ser,0.917411925,0.027328395
urn:mavedb:00000107-a-1#146,p.Phe181Ile,0.917198346,0.030864909
urn:mavedb:00000107-a-1#147,p.Ile165Leu,0.901703503,0.026577619
urn:mavedb:00000107-a-1#148,p.Val21Gly,0.90133789,0.03141711
urn:mavedb:00000107-a-1#149,p.Arg61Leu,0.896734994,0.026160825
urn:mavedb:00000107-a-1#150,p.Arg213His,0.884374215,0.0252815
urn:mavedb:00000107-a-1#151,p.Lys333Gln,0.869862898,0.032262637
urn:mavedb:00000107-a-1#152,p.Asp100Ala,0.854914043,0.021210529
urn:mavedb:00000107-a-1#153,p.Ala15Pro,0.849666648,0.026736296
urn:mavedb:00000107-a-1#154,p.Ala153Thr,0.846433283,0.026723236
urn:mavedb:00000107-a-1#155,p.Val21Glu,0.845297953,0.027829795
urn:mavedb:00000107-a-1#156,p.Val160Met,0.841336948,0.028104483
urn:mavedb:00000107-a-1#157,p.Ala343Ser,0.838528708,0.031003911
urn:mavedb:00000107-a-1#158,p.Arg61Trp,0.809190408,0.022719292
urn:mavedb:00000107-a-1#159,p.Thr104Ile,0.804654242,0.027202388
urn:mavedb:00000107-a-1#160,p.His368Arg,0.785492154,0.026528904
urn:mavedb:00000107-a-1#161,p.Ala106Thr,0.783219445,0.024365114
urn:mavedb:00000107-a-1#162,p.Phe191Leu,0.774746445,0.026656653
urn:mavedb:00000107-a-1#163,p.Val202Ala,0.767753438,0.027272668
urn:mavedb:00000107-a-1#164,p.Ser43Arg,0.753692374,0.027538613
urn:mavedb:00000107-a-1#165,p.Cys224Arg,0.752031219,0.038674773
urn:mavedb:00000107-a-1#166,p.Ile282Thr,0.708204715,0.026578933
urn:mavedb:00000107-a-1#167,p.Phe288Cys,0.693204419,0.025623167
urn:mavedb:00000107-a-1#168,p.His335Arg,0.69105896,0.037925087
urn:mavedb:00000107-a-1#169,p.Val293Ala,0.689904238,0.025485495
urn:mavedb:00000107-a-1#170,p.Asn180Lys,0.68710801,0.021662019
urn:mavedb:00000107-a-1#171,p.Tyr150Cys,0.651972111,0.023837039
urn:mavedb:00000107-a-1#172,p.Phe364Ile,0.632125451,0.024830777
urn:mavedb:00000107-a-1#173,p.Arg213Cys,0.630731884,0.023710942
urn:mavedb:00000107-a-1#174,p.Val293Met,0.629784094,0.040841084
urn:mavedb:00000107-a-1#175,p.Ser147Thr,0.62422276,0.024636929
urn:mavedb:00000107-a-1#176,p.Pro87Leu,0.608736632,0.029349619
urn:mavedb:00000107-a-1#177,p.Pro67Leu,0.590436002,0.025438761
urn:mavedb:00000107-a-1#178,p.Ala99Val,0.577733088,0.018220583
urn:mavedb:00000107-a-1#179,p.Leu22Trp,0.55050668,0.027103179
urn:mavedb:00000107-a-1#180,p.Tyr70Cys,0.543598536,0.026355011
urn:mavedb:00000107-a-1#181,p.His44Gln,0.509066332,0.025791827
urn:mavedb:00000107-a-1#182,p.Tyr346Cys,0.455071685,0.02367825
urn:mavedb:00000107-a-1#183,p.Ile91Thr,0.425267759,0.022844883
urn:mavedb:00000107-a-1#184,p.Ser285Tyr,0.327208702,0.017441516
urn:mavedb:00000107-a-1#185,p.Cys291Arg,0.295778041,0.024080839
urn:mavedb:00000107-a-1#186,p.Tyr70Ser,0.216542156,0.02080719
urn:mavedb:00000107-a-1#187,p.Ser108Pro,0.108386417,0.028256002
urn:mavedb:00000107-a-1#188,p.Arg342Gln,0.073948453,0.024105893
urn:mavedb:00000107-a-1#189,p.Arg45Ser,0.042975653,0.021923308
urn:mavedb:00000107-a-1#190,p.Cys245Arg,0.023882436,0.025012169
urn:mavedb:00000107-a-1#192,p.Gly78Ala,0.012762007,0.018310797
urn:mavedb:00000107-a-1#193,p.Arg342Gln,-0.000279261,-0.022028689
urn:mavedb:00000107-a-1#194,p.Thr242Met,-0.000685198,-0.022045011
urn:mavedb:00000107-a-1#195,p.Gly36Arg,-0.011754842,-0.01856588
urn:mavedb:00000107-a-1#196,p.Ser147Tyr,-0.012277583,-0.01991498
urn:mavedb:00000107-a-1#197,p.Thr156Met,-0.015509683,-0.020179313
urn:mavedb:00000107-a-1#198,p.Ser179Leu,-0.022198306,-0.018090414
urn:mavedb:00000107-a-1#199,p.Gly203Arg,-0.029558014,-0.02309317
urn:mavedb:00000107-a-1#200,p.Gly206Arg,-0.061282805,-0.021557109
